{"Test MSE": 5.306960715747066, "Test R\u00b2": 0.6349668498597845}